,Produto,Preço,Link,Data
0,"Placa de Vídeo RX 550 Sapphire AMD Radeon Pulse, 4 GB GDDR5 - 11268-01-20G","R$ 799,99",https://www.kabum.com.br/produto/89279/placa-de-video-rx-550-sapphire-amd-radeon-pulse-4-gb-gddr5-11268-01-20g,05/12/2022 05:32:19
1,"Placa de Vídeo RX 580 PowerColor Red Dragon AMD Radeon, 8GB GDDR5 - AXRX 580 8GBD5-DHD","R$ 1.059,99",https://www.kabum.com.br/produto/382632/placa-de-video-rx-580-powercolor-red-dragon-amd-radeon-8gb-gddr5-axrx-580-8gbd5-dhd,05/12/2022 05:32:19
2,"Placa de Vídeo Gigabyte AMD Radeon RX 6700 XT Eagle, 12GB GDDR6, RGB, Ray Tracing - GV-R67XTEAGLE-12GD","R$ 2.619,99",https://www.kabum.com.br/produto/387409/placa-de-video-gigabyte-amd-radeon-rx-6700-xt-eagle-12gb-gddr6-rgb-ray-tracing-gv-r67xteagle-12gd,05/12/2022 05:32:19
3,"Placa de Vídeo Gigabyte Radeon RX 6600 EAGLE, 8GB GDDR6, Preto - GV-R66EAGLE-8GD","R$ 1.699,99",https://www.kabum.com.br/produto/246836/placa-de-video-gigabyte-radeon-rx-6600-eagle-8gb-gddr6-preto-gv-r66eagle-8gd,05/12/2022 05:32:19
4,"Placa de Vídeo RX 550 PCYes AMD Radeon, 4GB GDDR5, Graffiti Series - PJRX550DR5128B","R$ 679,99",https://www.kabum.com.br/produto/351614/placa-de-video-rx-550-pcyes-amd-radeon-4gb-gddr5-graffiti-series-pjrx550dr5128b,05/12/2022 05:32:19
5,"Placa de Vídeo RX 6600 CLD 8G ASRock AMD Radeon, 8GB, GDDR6 - 90-GA2RZZ-00UANF","R$ 1.799,99",https://www.kabum.com.br/produto/235984/placa-de-video-rx-6600-cld-8g-asrock-amd-radeon-8gb-gddr6-90-ga2rzz-00uanf,05/12/2022 05:32:19
6,"Placa de Vídeo RX 6700 XT XFX Speedster QICK319 AMD Radeon Black Gaming, 12GB GDDR6, 16Gbps, AMD RDNA 2 Architecture - RX-67XTYPBDP","R$ 3.699,99",https://www.kabum.com.br/produto/165713/placa-de-video-rx-6700-xt-xfx-speedster-qick319-amd-radeon-black-gaming-12gb-gddr6-16gbps-amd-rdna-2-architecture-rx-67xtypbdp,05/12/2022 05:32:19
7,"Placa de Vídeo RX 6800 XT ASRock AMD Radeon, 16GB GDDR6 - RADEON RX6800XT PGD 16GO","R$ 5.599,99",https://www.kabum.com.br/produto/131631/placa-de-video-rx-6800-xt-asrock-amd-radeon-16gb-gddr6-radeon-rx6800xt-pgd-16go,05/12/2022 05:32:19
8,"Placa de Vídeo R7 240 PCYes AMD Radeon, 4GB GDDR5, 128 Bits - PJ7R240DR5","R$ 439,99",https://www.kabum.com.br/produto/317940/placa-de-video-r7-240-pcyes-amd-radeon-4gb-gddr5-128-bits-pj7r240dr5,05/12/2022 05:32:19
9,"Placa De Vídeo Radeon Rx 560 4GB, Gddr5 Afrx560d-4096d5h4-v2 Afox","R$ 780,00",https://www.kabum.com.br/produto/306305/placa-de-video-radeon-rx-560-4gb-gddr5-afrx560d-4096d5h4-v2-afox,05/12/2022 05:32:19
10,"Placa de Vídeo RX 6750 XT Mech MSI AMD Radeon, 12GB GDDR6, Ray Tracing - RX 6750 XT MECH 2X 12G OC","R$ 3.299,99",https://www.kabum.com.br/produto/387422/placa-de-video-rx-6750-xt-mech-msi-amd-radeon-12gb-gddr6-ray-tracing-rx-6750-xt-mech-2x-12g-oc,05/12/2022 05:32:19
11,"Placa De Vídeo AFOX Nvidia Rx580-8gd5 Snake, RAM 8GB, Display port, DVI, HDMI","R$ 1.071,00",https://www.kabum.com.br/produto/306347/placa-de-video-afox-nvidia-rx580-8gd5-snake-ram-8gb-display-port-dvi-hdmi,05/12/2022 05:32:19
12,"Placa de Vídeo RX 6400 XFX Speedster SWFT105 AMD Radeon Gaming, 4GB GDDR6, Ray Tracing, RDNA2 - RX-64XL4SFG2","R$ 919,99",https://www.kabum.com.br/produto/353517/placa-de-video-rx-6400-xfx-speedster-swft105-amd-radeon-gaming-4gb-gddr6-ray-tracing-rdna2-rx-64xl4sfg2,05/12/2022 05:32:19
13,"Placa de Vídeo RX 6600 XFX Core Gaming Speedster SWFT 210 AMD Radeon Graphics Card, 8GB GDDR6, AMD RDNA 2 - RX-66XL8LFDQ","R$ 2.199,99",https://www.kabum.com.br/produto/261040/placa-de-video-rx-6600-xfx-core-gaming-speedster-swft-210-amd-radeon-graphics-card-8gb-gddr6-amd-rdna-2-rx-66xl8lfdq,05/12/2022 05:32:19
14,"Placa de Vídeo RX 6650 XT XFX Speedster QICK308 AMD Radeon Ultra Gaming, 8GB GDDR6, Ray Tracing, RDNA2 - RX-665X8LUDY QICK308 ULTRA","R$ 3.199,99",https://www.kabum.com.br/produto/353519/placa-de-video-rx-6650-xt-xfx-speedster-qick308-amd-radeon-ultra-gaming-8gb-gddr6-ray-tracing-rdna2-rx-665x8ludy-qick308-ultra,05/12/2022 05:32:19
15,"Placa de Video Power Color Radeon AXRX 6400, 4GB GDDR6 - AXRX64004GBD6-DH","R$ 929,99",https://www.kabum.com.br/produto/371237/placa-de-video-power-color-radeon-axrx-6400-4gb-gddr6-axrx64004gbd6-dh,05/12/2022 05:32:19
16,"Placa de Vídeo RX 6700 XT Challenger D ASRock AMD Radeon, 12GB GDDR6, Ray Tracing - 90-GA2KZZ-00UANH","R$ 3.669,99",https://www.kabum.com.br/produto/377578/placa-de-video-rx-6700-xt-challenger-d-asrock-amd-radeon-12gb-gddr6-ray-tracing-90-ga2kzz-00uanh,05/12/2022 05:32:19
17,"Placa de Vídeo RX 6650 XT Pulse Gaming OC Sapphire, 8GB GDDR6, Arquitetura RDNA2, Ray Tracing - 11319-03-20G","R$ 2.699,99",https://www.kabum.com.br/produto/351601/placa-de-video-rx-6650-xt-pulse-gaming-oc-sapphire-8gb-gddr6-arquitetura-rdna2-ray-tracing-11319-03-20g,05/12/2022 05:32:19
18,"Placa de Vídeo RX 6500 XT Gaming D OC ASRock Radeon Phantom, 4GB, GDDR6, 64 Bit, Dual Fan - 90-GA3DZZ-00UANF","R$ 1.599,99",https://www.kabum.com.br/produto/298017/placa-de-video-rx-6500-xt-gaming-d-oc-asrock-radeon-phantom-4gb-gddr6-64-bit-dual-fan-90-ga3dzz-00uanf,05/12/2022 05:32:19
19,"Placa de Vídeo RX 6500 XT MECH 2X 4G OC MSI AMD Radeon, 4GB GDDR6, AMD RDNA 2 - Radeon RX 6500 XT MECH 2X 4G OC","R$ 1.539,99",https://www.kabum.com.br/produto/308481/placa-de-video-rx-6500-xt-mech-2x-4g-oc-msi-amd-radeon-4gb-gddr6-amd-rdna-2-radeon-rx-6500-xt-mech-2x-4g-oc,05/12/2022 05:32:19
20,"Placa de Vídeo RX 550 Asus Phoenix AMD Radeon, 4GB, GDDR5 - PH-RX550-4G-EVO","R$ 754,99",https://www.kabum.com.br/produto/129772/placa-de-video-rx-550-asus-phoenix-amd-radeon-4gb-gddr5-ph-rx550-4g-evo,05/12/2022 05:32:19
21,"Placa de Vídeo RX 550 Duex AMD Radeon, 4GB, DDR5 - DXRX5504GB","R$ 679,99",https://www.kabum.com.br/produto/255155/placa-de-video-rx-550-duex-amd-radeon-4gb-ddr5-dxrx5504gb,05/12/2022 05:32:19
22,"Placa de Vídeo RX 6650 XT Nitro+ Gaming OC Sapphire, ARGB, 8GB GDDR6, Arquitetura RDNA2, Ray Tracing - 11319-01-20G","R$ 2.699,99",https://www.kabum.com.br/produto/351580/placa-de-video-rx-6650-xt-nitro-gaming-oc-sapphire-argb-8gb-gddr6-arquitetura-rdna2-ray-tracing-11319-01-20g,05/12/2022 05:32:19
23,"Placa de Vídeo RX 6600 XT XFX Speedster SWFT210 AMD Radeon, 8GB GDDR6, 16Gbps, AMD RDNA 2 Architecture - RX-66XT8DFDQ","R$ 2.599,99",https://www.kabum.com.br/produto/187640/placa-de-video-rx-6600-xt-xfx-speedster-swft210-amd-radeon-8gb-gddr6-16gbps-amd-rdna-2-architecture-rx-66xt8dfdq,05/12/2022 05:32:19
24,"Placa de Vídeo RX 6650 XT XFX Speedster MERC308 AMD Radeon Black Gaming, 8GB GDDR6, Ray Tracing, RDNA2 - RX-665X8TBDY MERC308 BLACK","R$ 2.799,99",https://www.kabum.com.br/produto/353520/placa-de-video-rx-6650-xt-xfx-speedster-merc308-amd-radeon-black-gaming-8gb-gddr6-ray-tracing-rdna2-rx-665x8tbdy-merc308-black,05/12/2022 05:32:19
25,"Placa de Vídeo RX 6400 Gaming Sapphire Pulse AMD Radeon, 4GB GDDR6, HDMI e DisplayPort, Low Profile - 11315-01-20G","R$ 899,99",https://www.kabum.com.br/produto/333966/placa-de-video-rx-6400-gaming-sapphire-pulse-amd-radeon-4gb-gddr6-hdmi-e-displayport-low-profile-11315-01-20g,05/12/2022 05:32:19
26,"AMD Pcyes Single Fan Radeon HD 6570 4GB, GDDR5, 128bits, Pjhd6570gr54gsf","R$ 439,91",https://www.kabum.com.br/produto/378062/amd-pcyes-single-fan-radeon-hd-6570-4gb-gddr5-128bits-pjhd6570gr54gsf,05/12/2022 05:32:19
27,"Placa de Vídeo RX 6600 Gaming Sapphire Pulse AMD Radeon, 8GB GDDR6, HDMI - 11310-01-20G","R$ 2.299,99",https://www.kabum.com.br/produto/242348/placa-de-video-rx-6600-gaming-sapphire-pulse-amd-radeon-8gb-gddr6-hdmi-11310-01-20g,05/12/2022 05:32:19
28,"Placa De Video Power Color Radeon Axrx 6600 8Gb, Gddr6 - Axrx 6600 8gbd6-3dhl","R$ 1.839,90",https://www.kabum.com.br/produto/296809/placa-de-video-power-color-radeon-axrx-6600-8gb-gddr6-axrx-6600-8gbd6-3dhl,05/12/2022 05:32:19
29,"Placa de Vídeo RX 6700 XT MECH 2X 12G OC MSI Radeon, 16 Gbps, 12GB GDDR6, Dual Fan - 912-V398-0026","R$ 3.199,99",https://www.kabum.com.br/produto/155123/placa-de-video-rx-6700-xt-mech-2x-12g-oc-msi-radeon-16-gbps-12gb-gddr6-dual-fan-912-v398-0026,05/12/2022 05:32:19
30,"Placa de Vídeo RX 6400 DUAL 4G Asus, 4GB, GDDR6 - 90YV0H90-M0NA00","R$ 1.099,99",https://www.kabum.com.br/produto/326792/placa-de-video-rx-6400-dual-4g-asus-4gb-gddr6-90yv0h90-m0na00,05/12/2022 05:32:19
31,"Placa de Vídeo RX 6500 XT OC Asus AMD Radeon, 4GB, GDDR6, OpenGL, Dual Fan - 90YV0HA1-M0NA00","R$ 1.499,99",https://www.kabum.com.br/produto/298410/placa-de-video-rx-6500-xt-oc-asus-amd-radeon-4gb-gddr6-opengl-dual-fan-90yv0ha1-m0na00,05/12/2022 05:32:19
32,Placa de Vídeo Afox Radeon R5 220 2GB DDR3 64 Bits AFR5220-2048D3L9-V2,"R$ 236,90",https://www.kabum.com.br/produto/179284/placa-de-video-afox-radeon-r5-220-2gb-ddr3-64-bits-afr5220-2048d3l9-v2,05/12/2022 05:32:19
33,"Placa De Vídeo Afox AMD Radeon R5 220, 2GB SDDR3 - AFR5220-2048D3L5-V2","R$ 215,01",https://www.kabum.com.br/produto/295652/placa-de-video-afox-amd-radeon-r5-220-2gb-sddr3-afr5220-2048d3l5-v2,05/12/2022 05:32:19
34,"Placa De Vídeo Afox AMD Radeon R5 Series R5 220, 2GB RAM - AFR5220-2048D3L9-V2","R$ 229,90",https://www.kabum.com.br/produto/210807/placa-de-video-afox-amd-radeon-r5-series-r5-220-2gb-ram-afr5220-2048d3l9-v2,05/12/2022 05:32:19
35,"Placa de Vídeo RX 6750 XT DUAL O12G Asus, 12GB, GDDR6 - 90YV0HK0-M0NA00","R$ 3.299,99",https://www.kabum.com.br/produto/326768/placa-de-video-rx-6750-xt-dual-o12g-asus-12gb-gddr6-90yv0hk0-m0na00,05/12/2022 05:32:19
36,"Placa De Vídeo AMD Radeon RX 550 2GB, GDDR5, 128 Bits, AMD 2GBD5-HLEV2","R$ 1.067,39",https://www.kabum.com.br/produto/214076/placa-de-video-amd-radeon-rx-550-2gb-gddr5-128-bits-amd-2gbd5-hlev2,05/12/2022 05:32:19
37,"Placa de Vídeo RX 6600 DUAL 8G Asus, 8GB GDDR6 - 90YV0GP0-M0NA00","R$ 1.999,99",https://www.kabum.com.br/produto/234015/placa-de-video-rx-6600-dual-8g-asus-8gb-gddr6-90yv0gp0-m0na00,05/12/2022 05:32:19
38,"Placa De Vídeo Pcyes Radeon Rx 580 8GB, Gddr5 256 Bits - Paxrx580dr5df","R$ 3.419,40",https://www.kabum.com.br/produto/311153/placa-de-video-pcyes-radeon-rx-580-8gb-gddr5-256-bits-paxrx580dr5df,05/12/2022 05:32:19
39,"Placa De Vídeo AMD Nvidia Radeon Rx 550, 4GB, PCI Express, Freesync - PJRX550DR5128B","R$ 852,74",https://www.kabum.com.br/produto/320232/placa-de-video-amd-nvidia-radeon-rx-550-4gb-pci-express-freesync-pjrx550dr5128b,05/12/2022 05:32:19
40,"Placa de Vídeo RX 6750 XT Nitro+ Gaming OC Sapphire, ARGB, 12GB GDDR6, Arquitetura RDNA2, Ray Tracing - 11318-01-20G","R$ 3.899,99",https://www.kabum.com.br/produto/351578/placa-de-video-rx-6750-xt-nitro-gaming-oc-sapphire-argb-12gb-gddr6-arquitetura-rdna2-ray-tracing-11318-01-20g,05/12/2022 05:32:19
41,"Placa De Vídeo Pcyes AMD Radeon R5 230, 2GB DDR3, 64 Bits - PA230DR364LP","R$ 279,75",https://www.kabum.com.br/produto/380080/placa-de-video-pcyes-amd-radeon-r5-230-2gb-ddr3-64-bits-pa230dr364lp,05/12/2022 05:32:19
42,"Placa De Video Amd Radeon HD 5450 1Gb, DDR3 64 Bits","R$ 225,25",https://www.kabum.com.br/produto/249841/placa-de-video-amd-radeon-hd-5450-1gb-ddr3-64-bits,05/12/2022 05:32:19
43,"Placa de Vídeo Asus AMD, TUF-RX6700XT-O12G-GAMING, 12GB GDDR6","R$ 5.939,90",https://www.kabum.com.br/produto/172547/placa-de-video-asus-amd-tuf-rx6700xt-o12g-gaming-12gb-gddr6,05/12/2022 05:32:19
44,"Placa De Video Powercolor Radeon Red Devil Rx 6900xt 16GB, GDDR6 Axrx 6900xt 16gbd6-3dhe/oc","R$ 8.301,29",https://www.kabum.com.br/produto/172577/placa-de-video-powercolor-radeon-red-devil-rx-6900xt-16gb-gddr6-axrx-6900xt-16gbd6-3dhe-oc,05/12/2022 05:32:19
45,"Placa De Video RX 6800XT, Powercolor, Red Dragon, 16GB, OC","R$ 6.143,90",https://www.kabum.com.br/produto/219775/placa-de-video-rx-6800xt-powercolor-red-dragon-16gb-oc,05/12/2022 05:32:19
46,Placa De Video Xfx 16gb Amd Rx6800 Gddr6 Speedster Swft319 Rx68xlaqfd9,"R$ 4.799,00",https://www.kabum.com.br/produto/352672/placa-de-video-xfx-16gb-amd-rx6800-gddr6-speedster-swft319-rx68xlaqfd9,05/12/2022 05:32:19
47,Placa De Video Asus 4gb Ddr5 128bit Rx550 - Ph-rx550-4g-evo Phoenix,"R$ 1.099,90",https://www.kabum.com.br/produto/358063/placa-de-video-asus-4gb-ddr5-128bit-rx550-ph-rx550-4g-evo-phoenix,05/12/2022 05:32:19
48,"Placa de Vídeo Afox AMD Radeon RX 580, 8GB GDDR5 - AFRX580-8192D5H3-V2.","R$ 3.375,12",https://www.kabum.com.br/produto/229604/placa-de-video-afox-amd-radeon-rx-580-8gb-gddr5-afrx580-8192d5h3-v2-,05/12/2022 05:32:19
49,"Placa de Video AFOX AMD Radeon R5 230, 2GB, DDR3, Low Profile - AFR5230-2048D3L4","R$ 319,00",https://www.kabum.com.br/produto/161714/placa-de-video-afox-amd-radeon-r5-230-2gb-ddr3-low-profile-afr5230-2048d3l4,05/12/2022 05:32:19
50,"Placa De Vídeo AMD PowerColor Radeon RedDragon, RX 550 2GB DDR5, Preto - 2GBD5-DH","R$ 1.341,31",https://www.kabum.com.br/produto/163822/placa-de-video-amd-powercolor-radeon-reddragon-rx-550-2gb-ddr5-preto-2gbd5-dh,05/12/2022 05:32:19
51,"Placa De Vídeo Afox Radeon R5 220 2gb Ddr3, 64 Bits, Low Profile, Hdmi/dvi/vga - Afr5220-2048d3l5-v2","R$ 239,72",https://www.kabum.com.br/produto/392426/placa-de-video-afox-radeon-r5-220-2gb-ddr3-64-bits-low-profile-hdmi-dvi-vga-afr5220-2048d3l5-v2,05/12/2022 05:32:19
52,"Placa De Video AFOX Radeon RX550, 4GB Gddr5 - Afrx550-4096d5h5-v2","R$ 864,00",https://www.kabum.com.br/produto/288687/placa-de-video-afox-radeon-rx550-4gb-gddr5-afrx550-4096d5h5-v2,05/12/2022 05:32:19
53,"Placa De Video, Afox, Radeon, Rx 560, 4gb, Ddr5, 128 Bits, Atx Dual Fan, Hdmi, Dvi, Afrx560-4096d5h4","R$ 1.156,41",https://www.kabum.com.br/produto/199379/placa-de-video-afox-radeon-rx-560-4gb-ddr5-128-bits-atx-dual-fan-hdmi-dvi-afrx560-4096d5h4,05/12/2022 05:32:19
54,"Placa de Video 1GB, 5450 Pcyes DDR3 64 Bits - PJ54506401D3LP","R$ 229,00",https://www.kabum.com.br/produto/117316/placa-de-video-1gb-5450-pcyes-ddr3-64-bits-pj54506401d3lp,05/12/2022 05:32:19
55,"Placa de Vídeo RX 6650 XT DUAL O8G Asus, 8GB GDDR6, Tecnologia Axis - 90YV0HL0-M0NA00","R$ 2.499,99",https://www.kabum.com.br/produto/326791/placa-de-video-rx-6650-xt-dual-o8g-asus-8gb-gddr6-tecnologia-axis-90yv0hl0-m0na00,05/12/2022 05:32:19
56,"Placa De Vídeo Afox, AMD Radeon RX 550, 4GB Dual GDDR5, 128 Bits - AFRX550-4096D5H4-V5","R$ 849,00",https://www.kabum.com.br/produto/191118/placa-de-video-afox-amd-radeon-rx-550-4gb-dual-gddr5-128-bits-afrx550-4096d5h4-v5,05/12/2022 05:32:19
57,"Placa de Vídeo Powercolor Red Devil, RX 6700XT 12GB, GDDR6, HDMI - AXRX 6700XT 12GBD6-3DHE/OC","R$ 5.417,19",https://www.kabum.com.br/produto/157073/placa-de-video-powercolor-red-devil-rx-6700xt-12gb-gddr6-hdmi-axrx-6700xt-12gbd6-3dhe-oc,05/12/2022 05:32:19
58,"Placa De Vídeo Neologic AMD RX 550, 4GB, GDDR5, 128 Bits, DVI + HDMI + Display Port","R$ 748,02",https://www.kabum.com.br/produto/400039/placa-de-video-neologic-amd-rx-550-4gb-gddr5-128-bits-dvi-hdmi-display-port,05/12/2022 05:32:19
59,Radeon Rx 560 4GB 128bits Pcwinmax Rx560-4gd5 GDDR5,"R$ 844,88",https://www.kabum.com.br/produto/400779/radeon-rx-560-4gb-128bits-pcwinmax-rx560-4gd5-gddr5,05/12/2022 05:32:19
60,"Placa De Video Dex AMD R7 240, 2GB DDR5, 128 bits, VGA/DVI/HDMI - PV-04A","R$ 539,00",https://www.kabum.com.br/produto/376443/placa-de-video-dex-amd-r7-240-2gb-ddr5-128-bits-vga-dvi-hdmi-pv-04a,05/12/2022 05:32:19
61,Placa De Vídeo Nvidia Pcyes Gpu R5 230 2gb Ddr3 64 Bits Low Profile - Pjr230rlp,"R$ 326,00",https://www.kabum.com.br/produto/171573/placa-de-video-nvidia-pcyes-gpu-r5-230-2gb-ddr3-64-bits-low-profile-pjr230rlp,05/12/2022 05:32:19
62,"Placa De Video Axle Gpu AMD Radeon RX 58 8GB, DDR5, 256bits","R$ 2.899,90",https://www.kabum.com.br/produto/366240/placa-de-video-axle-gpu-amd-radeon-rx-58-8gb-ddr5-256bits,05/12/2022 05:32:19
63,"Placa De Vídeo, Asus Dual AMD RX6600XT - 8GB, 128bits","R$ 3.993,90",https://www.kabum.com.br/produto/367920/placa-de-video-asus-dual-amd-rx6600xt-8gb-128bits,05/12/2022 05:32:19
64,"Placa De Vídeo Gigabyte AMD RX6500 XT G, 4GB GDDR6","R$ 1.638,90",https://www.kabum.com.br/produto/367921/placa-de-video-gigabyte-amd-rx6500-xt-g-4gb-gddr6,05/12/2022 05:32:19
65,"Placa de Vídeo Afox Radeon, RX 560 4GB, GDDR5, 128 Bits - AFRX560-4096D5H4-V2","R$ 1.222,11",https://www.kabum.com.br/produto/220473/placa-de-video-afox-radeon-rx-560-4gb-gddr5-128-bits-afrx560-4096d5h4-v2,05/12/2022 05:32:19
66,"Placa De Vídeo Powercolor Radeon RX580 8GB GDD5, Red Devil, 256Bits - AXRX580 8GBD5-3DH/OC","R$ 5.499,00",https://www.kabum.com.br/produto/157043/placa-de-video-powercolor-radeon-rx580-8gb-gdd5-red-devil-256bits-axrx580-8gbd5-3dh-oc,05/12/2022 05:32:19
67,"Placa De Video Amd R5 220 1GB, DDR3 64 Bits Low Profile - Pj220r364","R$ 245,18",https://www.kabum.com.br/produto/311816/placa-de-video-amd-r5-220-1gb-ddr3-64-bits-low-profile-pj220r364,05/12/2022 05:32:19
68,"Placa De Video, Afox,AMD Radeon R5 230, 1GB, DDR3, 64 Bit, LP Heatsink, HDMI, DVI, VGA, AFR5230-1024D","R$ 263,49",https://www.kabum.com.br/produto/270478/placa-de-video-afox-amd-radeon-r5-230-1gb-ddr3-64-bit-lp-heatsink-hdmi-dvi-vga-afr5230-1024d,05/12/2022 05:32:19
69,Placa De Video Geeforce Gt 1030 2GB Gddr5 64bits - Pjgt1030dr5,"R$ 856,96",https://www.kabum.com.br/produto/320236/placa-de-video-geeforce-gt-1030-2gb-gddr5-64bits-pjgt1030dr5,05/12/2022 05:32:19
70,Placa de Vídeo PCYes Gpu Amd Rx 550 4GB DDR5 128bits 4gbd5-dh Red Dragon Power Color,"R$ 989,99",https://www.kabum.com.br/produto/293750/placa-de-video-pcyes-gpu-amd-rx-550-4gb-ddr5-128bits-4gbd5-dh-red-dragon-power-color,05/12/2022 05:32:19
71,"Placa de Vídeo AFOX R5 220 Radeon, 1GB - AFR5220-1024D3L9-V2","R$ 221,09",https://www.kabum.com.br/produto/161631/placa-de-video-afox-r5-220-radeon-1gb-afr5220-1024d3l9-v2,05/12/2022 05:32:19
72,"Placa de Vídeo Power Color, RX 550 Radeon, 4GB, DDR5 - AXRX 550 4GBD5-DH","R$ 1.479,00",https://www.kabum.com.br/produto/161673/placa-de-video-power-color-rx-550-radeon-4gb-ddr5-axrx-550-4gbd5-dh,05/12/2022 05:32:19
73,"Placa de Video AFOX AMD Radeon R5 230, 1GB, DDR3, Low Profile - AFR5230-1024D3L4","R$ 229,90",https://www.kabum.com.br/produto/161693/placa-de-video-afox-amd-radeon-r5-230-1gb-ddr3-low-profile-afr5230-1024d3l4,05/12/2022 05:32:19
74,"Placa de Vídeo PCYes AMD Radeon R7 240, 4GB, GDDR5 - PJ240R71284GD5","R$ 739,99",https://www.kabum.com.br/produto/117380/placa-de-video-pcyes-amd-radeon-r7-240-4gb-gddr5-pj240r71284gd5,05/12/2022 05:32:19
75,"Placa De Vídeo Asus Dual AMD Rx6500 Xt - 4GB, 64bits","R$ 2.252,90",https://www.kabum.com.br/produto/368147/placa-de-video-asus-dual-amd-rx6500-xt-4gb-64bits,05/12/2022 05:32:19
76,"Placa De Video Afox, 2Gb, DDR3, Gt610 - Af610-2048d3l7-v8","R$ 262,84",https://www.kabum.com.br/produto/393965/placa-de-video-afox-2gb-ddr3-gt610-af610-2048d3l7-v8,05/12/2022 05:32:19
77,Radeon Rx 550 4GB 128bits Pcwinmax Rx550-4gd5 GDDR5,"R$ 787,78",https://www.kabum.com.br/produto/400778/radeon-rx-550-4gb-128bits-pcwinmax-rx550-4gd5-gddr5,05/12/2022 05:32:19
78,Radeon Rx 550 4GB 128bits Pcwinmax Rx550-4gd5-128bit GDDR5,"R$ 787,78",https://www.kabum.com.br/produto/400776/radeon-rx-550-4gb-128bits-pcwinmax-rx550-4gd5-128bit-gddr5,05/12/2022 05:32:19
79,Radeon Rx 580 8GB 256bits Pcwinmax Rx580-8gd5 GDDR5,"R$ 1.373,59",https://www.kabum.com.br/produto/400777/radeon-rx-580-8gb-256bits-pcwinmax-rx580-8gd5-gddr5,05/12/2022 05:32:19
80,"Placa De Vídeo Afox AMD Radeon RX 550, 4GB, GDDR5, 128 Bits - Afrx550-4096d5h4-v6","R$ 1.251,31",https://www.kabum.com.br/produto/308099/placa-de-video-afox-amd-radeon-rx-550-4gb-gddr5-128-bits-afrx550-4096d5h4-v6,05/12/2022 05:32:19
81,"Placa De Vídeo XFX AMD RX 580 8GB, GDDR5, Red Dragon Power Color - 8GBD5-DHDV2/OC","R$ 4.481,20",https://www.kabum.com.br/produto/152751/placa-de-video-xfx-amd-rx-580-8gb-gddr5-red-dragon-power-color-8gbd5-dhdv2-oc,05/12/2022 05:32:19
82,"Placa De Video Power Color Radeon Rx 570, 8gb, Red Dragon Gddr5, 256 Bits - Axrx 570 8gbd5-dhdv3/oc","R$ 2.599,00",https://www.kabum.com.br/produto/158641/placa-de-video-power-color-radeon-rx-570-8gb-red-dragon-gddr5-256-bits-axrx-570-8gbd5-dhdv3-oc,05/12/2022 05:32:19
83,"Placa De Vídeo Pcyes Radeon Rx550, 4gb, Gddr5, 128 Bits, Graffiti Series - Pjrx550r5sf","R$ 1.426,12",https://www.kabum.com.br/produto/167767/placa-de-video-pcyes-radeon-rx550-4gb-gddr5-128-bits-graffiti-series-pjrx550r5sf,05/12/2022 05:32:19
84,"Placa De Video Power Color Radeon Rx550 2GB, DDR5 - Directx 12","R$ 899,99",https://www.kabum.com.br/produto/199105/placa-de-video-power-color-radeon-rx550-2gb-ddr5-directx-12,05/12/2022 05:32:19
85,"Amd Radeon Rx 560-d 4gb Gddr5, 128bits - Superframe Rx560/4gd5p8dip","R$ 1.708,49",https://www.kabum.com.br/produto/263344/amd-radeon-rx-560-d-4gb-gddr5-128bits-superframe-rx560-4gd5p8dip,05/12/2022 05:32:19
86,Placa De Video Afox Radeon Rx 550 4gb Ddr5 128 Bits - Hdmi - Dvi - Dp - Afrx550-4096d5h4-v4,"R$ 999,00",https://www.kabum.com.br/produto/268266/placa-de-video-afox-radeon-rx-550-4gb-ddr5-128-bits-hdmi-dvi-dp-afrx550-4096d5h4-v4,05/12/2022 05:32:19
87,Placa De Video Radeon Afox Rx550 4GB DDR5 Afrx550-4096d5h4-v5,"R$ 1.539,89",https://www.kabum.com.br/produto/306304/placa-de-video-radeon-afox-rx550-4gb-ddr5-afrx550-4096d5h4-v5,05/12/2022 05:32:19
88,Placa De Video Power Color Radeon Rx 550 4Gb Gddr5 128bits - Axrx 550 4gbd5-hle,"R$ 910,44",https://www.kabum.com.br/produto/304368/placa-de-video-power-color-radeon-rx-550-4gb-gddr5-128bits-axrx-550-4gbd5-hle,05/12/2022 05:32:19
89,"Placa De Video, Power Color Radeon Axrx 6600 8GB, GDDR6 - Axrx 6600 8gbd6-3dh","R$ 2.299,90",https://www.kabum.com.br/produto/309546/placa-de-video-power-color-radeon-axrx-6600-8gb-gddr6-axrx-6600-8gbd6-3dh,05/12/2022 05:32:19
90,Placa De Video 8GB Rx6600 Ddr6 128bits 3xdisplayport/1xhdmi Rx6600-challenger D Asrock,"R$ 2.530,00",https://www.kabum.com.br/produto/340261/placa-de-video-8gb-rx6600-ddr6-128bits-3xdisplayport-1xhdmi-rx6600-challenger-d-asrock,05/12/2022 05:32:19
91,"Placa De Vídeo Radeon Rx 550, 4Gb Gddr5 Rx550-4gd5 Snake",R$ ---,https://www.kabum.com.br/produto/306280/placa-de-video-radeon-rx-550-4gb-gddr5-rx550-4gd5-snake,05/12/2022 05:32:19
92,"Placa de Vídeo RX 6900 XT ASRock AMD Radeon Graphics, 16GB GDDR6, PCI Express 4.0, 16 Gbps, Hardware Ray Tracing - RX6900XT PGD 16GO",R$ ---,https://www.kabum.com.br/produto/136468/placa-de-video-rx-6900-xt-asrock-amd-radeon-graphics-16gb-gddr6-pci-express-4-0-16-gbps-hardware-ray-tracing-rx6900xt-pgd-16go,05/12/2022 05:32:19
93,"Placa de Vídeo RX 6750 XT XFX Speedster QICK319 AMD Radeon Ultra Gaming, 12GB GDDR6, Ray Tracing, RDNA2 - RX-675XYLUDP QICK319 ULTRA",R$ ---,https://www.kabum.com.br/produto/353521/placa-de-video-rx-6750-xt-xfx-speedster-qick319-amd-radeon-ultra-gaming-12gb-gddr6-ray-tracing-rdna2-rx-675xyludp-qick319-ultra,05/12/2022 05:32:19
94,"Placa de Vídeo RX 6750 XT XFX Speedster MERC319 AMD Radeon Black Gaming, 12GB GDDR6, Ray Tracing, RDNA2 - RX-675XYTBDP MERC319 BLACK",R$ ---,https://www.kabum.com.br/produto/353522/placa-de-video-rx-6750-xt-xfx-speedster-merc319-amd-radeon-black-gaming-12gb-gddr6-ray-tracing-rdna2-rx-675xytbdp-merc319-black,05/12/2022 05:32:19
95,"Placa de Vídeo RX 6750 XT ELITE AORUS Radeon, 12GB GDDR6, RGB, AMD RDNA 2 Radeon, Windforce, Metal Backplate - GV-R675XTAORUS E-12GD",R$ ---,https://www.kabum.com.br/produto/345888/placa-de-video-rx-6750-xt-elite-aorus-radeon-12gb-gddr6-rgb-amd-rdna-2-radeon-windforce-metal-backplate-gv-r675xtaorus-e-12gd,05/12/2022 05:32:19
96,"Placa De Vídeo, Asus Amd Radeon Rx 6600, Dual 8GB, GDDR6 - Dualrx66008g",R$ ---,https://www.kabum.com.br/produto/282302/placa-de-video-asus-amd-radeon-rx-6600-dual-8gb-gddr6-dualrx66008g,05/12/2022 05:32:19
97,"Placa de Vídeo RX 6500 XT ITX Power Color AMD Radeon, 4GB GDDR6, Ray Tracing - AXRX 6500 XT 4GBD6-DH",R$ ---,https://www.kabum.com.br/produto/308222/placa-de-video-rx-6500-xt-itx-power-color-amd-radeon-4gb-gddr6-ray-tracing-axrx-6500-xt-4gbd6-dh,05/12/2022 05:32:19
98,"Placa de Vídeo RX 6800 GAMING OC 16G Gigabyte Radeon, 16GB, GDDR6, RGB Fusion - GV-R68GAMING OC-16GD",R$ ---,https://www.kabum.com.br/produto/147645/placa-de-video-rx-6800-gaming-oc-16g-gigabyte-radeon-16gb-gddr6-rgb-fusion-gv-r68gaming-oc-16gd,05/12/2022 05:32:19
99,"Placa de Vídeo RX 6800 XT PowerColor AMD Radeon Dragon, 16GB GDDR6, Ray Tracing, LED Vermelho - AXRX 6800XT 16GBD6-3DHR/OC",R$ ---,https://www.kabum.com.br/produto/383213/placa-de-video-rx-6800-xt-powercolor-amd-radeon-dragon-16gb-gddr6-ray-tracing-led-vermelho-axrx-6800xt-16gbd6-3dhr-oc,05/12/2022 05:32:19
100,"Placa de Vídeo RX 6750 XT Gigabyte AMD Radeon, 12GB GDDR6, RGB, AMD RDNA 2 Radeon, Metal Backplate - GV-R675XTGAMING OC-12GD",R$ ---,https://www.kabum.com.br/produto/345887/placa-de-video-rx-6750-xt-gigabyte-amd-radeon-12gb-gddr6-rgb-amd-rdna-2-radeon-metal-backplate-gv-r675xtgaming-oc-12gd,05/12/2022 05:32:19
101,"Placa de Vídeo RX 6750 XT Gaming OC Sapphire Pulse, 12GB GDDR6, Arquitetura RDNA2, Ray Tracing - 11318-03-20G",R$ ---,https://www.kabum.com.br/produto/351579/placa-de-video-rx-6750-xt-gaming-oc-sapphire-pulse-12gb-gddr6-arquitetura-rdna2-ray-tracing-11318-03-20g,05/12/2022 05:32:19
102,"Placa de Vídeo RX 6900 XT Gigabyte Radeon, 16 GB, GDDR6, RGB Fusion - GV-R69XTGAMING OC-16GD",R$ ---,https://www.kabum.com.br/produto/136513/placa-de-video-rx-6900-xt-gigabyte-radeon-16-gb-gddr6-rgb-fusion-gv-r69xtgaming-oc-16gd,05/12/2022 05:32:19
103,"Placa de Vídeo RX 6800 ASUS TUF GAMING AMD Radeon, 16GB, GDDR6 - TUF-RX6800-O16G-GAMING",R$ ---,https://www.kabum.com.br/produto/132851/placa-de-video-rx-6800-asus-tuf-gaming-amd-radeon-16gb-gddr6-tuf-rx6800-o16g-gaming,05/12/2022 05:32:19
104,"Placa de Vídeo RX 6800 XT Gigabyte Radeon, 16 GB, GDDR6, RGB Fusion, PCI Express 4.0 - GV-R68XTGAMING OC-16GD",R$ ---,https://www.kabum.com.br/produto/136529/placa-de-video-rx-6800-xt-gigabyte-radeon-16-gb-gddr6-rgb-fusion-pci-express-4-0-gv-r68xtgaming-oc-16gd,05/12/2022 05:32:19
105,"Placa De Vídeo, Gigabyte, Aorus, AMD RX 6900xt - 16GB, 256bits",R$ ---,https://www.kabum.com.br/produto/367905/placa-de-video-gigabyte-aorus-amd-rx-6900xt-16gb-256bits,05/12/2022 05:32:19
106,"Placa De Vídeo Asus Tuf RX 6800, XT OC Edition 16GB, GDDR6, 256 Bit - Tuf-Rx6800xt-O16g-Gaming",R$ ---,https://www.kabum.com.br/produto/275768/placa-de-video-asus-tuf-rx-6800-xt-oc-edition-16gb-gddr6-256-bit-tuf-rx6800xt-o16g-gaming,05/12/2022 05:32:19
107,"Placa de Vídeo RX 6950 XT Nitro+ Gaming OC Sapphire, ARGB, 16GB GDDR6, Arquitetura RDNA2, Ray Tracing - 11317-02-20G",R$ ---,https://www.kabum.com.br/produto/351577/placa-de-video-rx-6950-xt-nitro-gaming-oc-sapphire-argb-16gb-gddr6-arquitetura-rdna2-ray-tracing-11317-02-20g,05/12/2022 05:32:19
108,"Placa de Vídeo RX 6800 Sapphire Radeon PULSE AMD Gaming, 16 Gbps, 16GB, DDR6 - 11305-02-20G",R$ ---,https://www.kabum.com.br/produto/134361/placa-de-video-rx-6800-sapphire-radeon-pulse-amd-gaming-16-gbps-16gb-ddr6-11305-02-20g,05/12/2022 05:32:19
109,"Placa De Vídeo Afox Radeon R5 220, 1GB, DDR3, 64bit, Low Profile, HDMI/DVI/VGA - Afr5220-1024d3l9-v2",R$ ---,https://www.kabum.com.br/produto/171425/placa-de-video-afox-radeon-r5-220-1gb-ddr3-64bit-low-profile-hdmi-dvi-vga-afr5220-1024d3l9-v2,05/12/2022 05:32:19
110,"Placa De Vídeo Asus Tuf AMD RX 6900xt - 16 GB, 256bits",R$ ---,https://www.kabum.com.br/produto/368123/placa-de-video-asus-tuf-amd-rx-6900xt-16-gb-256bits,05/12/2022 05:32:19
111,"Placa De Video 2GB, DDR3, AMD Radeon R5 220 VGA, HDMI",R$ ---,https://www.kabum.com.br/produto/199091/placa-de-video-2gb-ddr3-amd-radeon-r5-220-vga-hdmi,05/12/2022 05:32:19
112,"Placa De Video AMD GPU, HD 6570, 2GB GDDR3, 128 Bits, ATX, Single Fan - PJ6570HDR3SF",R$ ---,https://www.kabum.com.br/produto/271841/placa-de-video-amd-gpu-hd-6570-2gb-gddr3-128-bits-atx-single-fan-pj6570hdr3sf,05/12/2022 05:32:19
113,"Placa de Vídeo AXRX 6600 3DH Power Color Fighter AMD Radeon, 8GB GDDR6, Preto - AXRX 6600 8GBD6-3DH",R$ ---,https://www.kabum.com.br/produto/250880/placa-de-video-axrx-6600-3dh-power-color-fighter-amd-radeon-8gb-gddr6-preto-axrx-6600-8gbd6-3dh,05/12/2022 05:32:19
114,"Placa de Vídeo RX 6700 XT GAMING OC 12G Gigabyte Radeon, 12GB GDDR6, RGB Fusion e WindForce, AMD RDNA 2 - GV-R67XTGAMING OC-12GD",R$ ---,https://www.kabum.com.br/produto/155428/placa-de-video-rx-6700-xt-gaming-oc-12g-gigabyte-radeon-12gb-gddr6-rgb-fusion-e-windforce-amd-rdna-2-gv-r67xtgaming-oc-12gd,05/12/2022 05:32:19
115,"Placa de Vídeo RX 6900 XT OEM Sapphire AMD Radeon, 16GB GDDR6, 18Gbps, AMD RDNA 2 - 21308-02-10G",R$ ---,https://www.kabum.com.br/produto/162935/placa-de-video-rx-6900-xt-oem-sapphire-amd-radeon-16gb-gddr6-18gbps-amd-rdna-2-21308-02-10g,05/12/2022 05:32:19
116,"Placa de Vídeo RX 6950 XT Nitro+ Pure Gaming OC Sapphire, ARGB, 16GB GDDR6, Arquitetura RDNA2, Ray Tracing - 11317-04-20G",R$ ---,https://www.kabum.com.br/produto/351576/placa-de-video-rx-6950-xt-nitro-pure-gaming-oc-sapphire-argb-16gb-gddr6-arquitetura-rdna2-ray-tracing-11317-04-20g,05/12/2022 05:32:19
117,"Placa de Vídeo HD 5450 Pcyes AMD Radeon, 1GB, DDR3, com Kit Low Profile - PJ1G5450R3",R$ ---,https://www.kabum.com.br/produto/302208/placa-de-video-hd-5450-pcyes-amd-radeon-1gb-ddr3-com-kit-low-profile-pj1g5450r3,05/12/2022 05:32:19
118,"Placa de Vídeo Gigabyte AMD Radeon RX 5600 XT Windforce OC 6G, 6GB, GDDR6, (rev 1.0) - GV-R56XTWF2OC-6GD",R$ ---,https://www.kabum.com.br/produto/113296/placa-de-video-gigabyte-amd-radeon-rx-5600-xt-windforce-oc-6g-6gb-gddr6-rev-1-0-gv-r56xtwf2oc-6gd,05/12/2022 05:32:19
119,"Placa de Vídeo RX 550 Pcyes AMD Radeon, 4GB, GDDR5, Grafiti Series - PAJRX550DR5DF",R$ ---,https://www.kabum.com.br/produto/302209/placa-de-video-rx-550-pcyes-amd-radeon-4gb-gddr5-grafiti-series-pajrx550dr5df,05/12/2022 05:32:19
120,"Placa de Vídeo RX 6900 XT Master 16G Gigabyte Aorus AMD Radeon, rev.2.0, 16GB GDDR6, RGB - GV-R69XTAORUS M-16GD",R$ ---,https://www.kabum.com.br/produto/285226/placa-de-video-rx-6900-xt-master-16g-gigabyte-aorus-amd-radeon-rev-2-0-16gb-gddr6-rgb-gv-r69xtaorus-m-16gd,05/12/2022 05:32:19
121,"Placa de Vídeo RX 6700 XT Asus AMD Radeon, 12GB GDDR6, 16 Gbps - TUF-RX6700XT-O12G-GAMING",R$ ---,https://www.kabum.com.br/produto/150480/placa-de-video-rx-6700-xt-asus-amd-radeon-12gb-gddr6-16-gbps-tuf-rx6700xt-o12g-gaming,05/12/2022 05:32:19
122,"Placa de Vídeo RX 6600 XT Challenger D 8G OC ASRock AMD Radeon, 8GB GDDR6, Arquitetura RDNA, Ray Tracing - RX6600XT CLD 8GO",R$ ---,https://www.kabum.com.br/produto/231816/placa-de-video-rx-6600-xt-challenger-d-8g-oc-asrock-amd-radeon-8gb-gddr6-arquitetura-rdna-ray-tracing-rx6600xt-cld-8go,05/12/2022 05:32:19
123,"Placa de Vídeo RX 6500 XT Gaming OC Sapphire Pulse, 4GB, GDDR6, AMD - 11314-01-20G",R$ ---,https://www.kabum.com.br/produto/298029/placa-de-video-rx-6500-xt-gaming-oc-sapphire-pulse-4gb-gddr6-amd-11314-01-20g,05/12/2022 05:32:19
124,"Placa De Video AMD Radeon R5 220, DDR3 2GB, VGA, HDMI",R$ ---,https://www.kabum.com.br/produto/199099/placa-de-video-amd-radeon-r5-220-ddr3-2gb-vga-hdmi,05/12/2022 05:32:19
125,"Placa de Vídeo RX 6500 XT Gaming OC 4G Gigabyte AMD Radeon, 4GB GDDR6, AMD RDNA 2 - GV-R65XTGAMING OC-4GD",R$ ---,https://www.kabum.com.br/produto/303739/placa-de-video-rx-6500-xt-gaming-oc-4g-gigabyte-amd-radeon-4gb-gddr6-amd-rdna-2-gv-r65xtgaming-oc-4gd,05/12/2022 05:32:19
126,"Placa De Vídeo Radeon Rx 550 2GB Gddr5, Axrx 550 2gbd5-dh Red Dragon Powercolor",R$ ---,https://www.kabum.com.br/produto/306323/placa-de-video-radeon-rx-550-2gb-gddr5-axrx-550-2gbd5-dh-red-dragon-powercolor,05/12/2022 05:32:19
127,"Placa de Vídeo RX 6650 XT EAGLE Gigabyte AMD Radeon, 8GB GDDR6, AMD RDNA 2 Radeon, WINDFORCE 3X, Backplate - GV-R665XTEAGLE-8GD",R$ ---,https://www.kabum.com.br/produto/345889/placa-de-video-rx-6650-xt-eagle-gigabyte-amd-radeon-8gb-gddr6-amd-rdna-2-radeon-windforce-3x-backplate-gv-r665xteagle-8gd,05/12/2022 05:32:19
128,"Placa de Vídeo Pcyes AMD Radeon RX 550, 4GB, GDDR5, Grafiti Series - PAJRX550DR5DF",R$ ---,https://www.kabum.com.br/produto/302813/placa-de-video-pcyes-amd-radeon-rx-550-4gb-gddr5-grafiti-series-pajrx550dr5df,05/12/2022 05:32:19
129,"Placa De Vídeo Afox AMD Radeon R5 220, 2GB, DDR3 - Afr5220-2048d3l9-v2",R$ ---,https://www.kabum.com.br/produto/252386/placa-de-video-afox-amd-radeon-r5-220-2gb-ddr3-afr5220-2048d3l9-v2,05/12/2022 05:32:19
130,"Placa De Vídeo, Afox, Radeon R5 220 1024MB, DDR3, 64bit ,HDMI, DVI, VGA- AFR5220-1024D3L5-V2",R$ ---,https://www.kabum.com.br/produto/278674/placa-de-video-afox-radeon-r5-220-1024mb-ddr3-64bit-hdmi-dvi-vga-afr5220-1024d3l5-v2,05/12/2022 05:32:19
131,"Placa De Vídeo Afox Radeon R5 230, 2gb, Ddr3, 64 Bits, Hdmi/dvi/vga - Afr5230-2048d3l9",R$ ---,https://www.kabum.com.br/produto/309628/placa-de-video-afox-radeon-r5-230-2gb-ddr3-64-bits-hdmi-dvi-vga-afr5230-2048d3l9,05/12/2022 05:32:19
132,"Placa De Video Rx570 4GB, DDR5 256BIT, HDMI/DVI/3xdisplayport - Rx-570",R$ ---,https://www.kabum.com.br/produto/220995/placa-de-video-rx570-4gb-ddr5-256bit-hdmi-dvi-3xdisplayport-rx-570,05/12/2022 05:32:19
133,"Placa De Vídeo AFOX R5 220 Radeon 2GB, Low Profile - AFR5220-2048D3L9-V2",R$ ---,https://www.kabum.com.br/produto/161628/placa-de-video-afox-r5-220-radeon-2gb-low-profile-afr5220-2048d3l9-v2,05/12/2022 05:32:19
134,"Placa de Vídeo RX 6700 XT DUAL OC 12G Asus AMD Radeon, 12GB GDDR6, Ray Tracing, AMD RDNA 2 Architecture - 90YV0G83-M0NA00",R$ ---,https://www.kabum.com.br/produto/241298/placa-de-video-rx-6700-xt-dual-oc-12g-asus-amd-radeon-12gb-gddr6-ray-tracing-amd-rdna-2-architecture-90yv0g83-m0na00,05/12/2022 05:32:19
135,"Placa de Vídeo RX 6700 XT Asus AMD Radeon, 12GB GDDR6, 16 Gbps - ROG-STRIX-RX6700XT-O12G-GAMING",R$ ---,https://www.kabum.com.br/produto/150481/placa-de-video-rx-6700-xt-asus-amd-radeon-12gb-gddr6-16-gbps-rog-strix-rx6700xt-o12g-gaming,05/12/2022 05:32:19
136,"Placa de Vídeo RX 6750 XT O12G GAMING Asus ROG STRIX, 12GB, GDDR6 - 90YV0HK1-M0NA00",R$ ---,https://www.kabum.com.br/produto/326769/placa-de-video-rx-6750-xt-o12g-gaming-asus-rog-strix-12gb-gddr6-90yv0hk1-m0na00,05/12/2022 05:32:19
137,"Placa de Vídeo RX 5500 XT OC Gigabyte AMD Radeon, 4GB, GDDR6 - GV-R55XTOC-4GD",R$ ---,https://www.kabum.com.br/produto/109645/placa-de-video-rx-5500-xt-oc-gigabyte-amd-radeon-4gb-gddr6-gv-r55xtoc-4gd,05/12/2022 05:32:19
138,"Placa de Vídeo RX 570 Gaming Gigabyte AMD Radeon, 4GB, GDDR5, REV 2.0 - GV-RX570GAMING-4GD",R$ ---,https://www.kabum.com.br/produto/109806/placa-de-video-rx-570-gaming-gigabyte-amd-radeon-4gb-gddr5-rev-2-0-gv-rx570gaming-4gd,05/12/2022 05:32:19
139,"Placa De Video Amd Rx 6600 8gb Gddr6 128 Bits,graffiti",R$ ---,https://www.kabum.com.br/produto/373677/placa-de-video-amd-rx-6600-8gb-gddr6-128-bits-graffiti,05/12/2022 05:32:19
140,"Placa de Vídeo RX 6700 XT Asus AMD Radeon, 12GB GDDR6, 16 Gbps - DUAL-RX6700XT-12G",R$ ---,https://www.kabum.com.br/produto/150482/placa-de-video-rx-6700-xt-asus-amd-radeon-12gb-gddr6-16-gbps-dual-rx6700xt-12g,05/12/2022 05:32:19
141,"Placa de Vídeo RX 6600 XT Power Color Fighter AMD Radeon, 8GB GDDR6, Ray Tracing, Preta - AXRX 6600XT 8GBD6-3DH",R$ ---,https://www.kabum.com.br/produto/233372/placa-de-video-rx-6600-xt-power-color-fighter-amd-radeon-8gb-gddr6-ray-tracing-preta-axrx-6600xt-8gbd6-3dh,05/12/2022 05:32:19
142,"Placa de Vídeo XFX AMD Radeon Speedster Rx, 8GB",R$ ---,https://www.kabum.com.br/produto/393285/placa-de-video-xfx-amd-radeon-speedster-rx-8gb,05/12/2022 05:32:19
143,"Placa De Vídeo Gigabyte AMD RX 6900xt - 16GB, Gddr6, 256bits",R$ ---,https://www.kabum.com.br/produto/368155/placa-de-video-gigabyte-amd-rx-6900xt-16gb-gddr6-256bits,05/12/2022 05:32:19
144,"Placa De Video Xfx 16GB, AMD Rx6800, Gddr6 Speedster, Swft319 - Rx68xlaqfd9*",R$ ---,https://www.kabum.com.br/produto/244579/placa-de-video-xfx-16gb-amd-rx6800-gddr6-speedster-swft319-rx68xlaqfd9-,05/12/2022 05:32:19
145,"Placa De Vídeo, Amd Pcyes, Radeon 4Gb - Rx550 Pjrx550dr5218b",R$ ---,https://www.kabum.com.br/produto/391574/placa-de-video-amd-pcyes-radeon-4gb-rx550-pjrx550dr5218b,05/12/2022 05:32:19
146,"Placa De Vídeo Asus Dual AMD RX 6700XT, 12GB, 192 Bits",R$ ---,https://www.kabum.com.br/produto/377890/placa-de-video-asus-dual-amd-rx-6700xt-12gb-192-bits,05/12/2022 05:32:19
147,"Placa de Vídeo RX 550 ASRock AMD Radeon Phantom Gaming, 2GB GDDR5 - 90-GA0500-00UANF",R$ ---,https://www.kabum.com.br/produto/97003/placa-de-video-rx-550-asrock-amd-radeon-phantom-gaming-2gb-gddr5-90-ga0500-00uanf,05/12/2022 05:32:19
148,"Placa de Vídeo RX 570 PowerColor AMD Radeon, 4GB, GDDR5 - AXRX 570 4GBD5-DHDV3/OC",R$ ---,https://www.kabum.com.br/produto/114873/placa-de-video-rx-570-powercolor-amd-radeon-4gb-gddr5-axrx-570-4gbd5-dhdv3-oc,05/12/2022 05:32:19
149,"Placa de Vídeo RX 6700 XT XFX Speedster MERC319 AMD Radeon Black Gaming, 12GB GDDR6, 16Gbps, AMD RDNA 2 Architecture - RX-67XTYTBDP",R$ ---,https://www.kabum.com.br/produto/165712/placa-de-video-rx-6700-xt-xfx-speedster-merc319-amd-radeon-black-gaming-12gb-gddr6-16gbps-amd-rdna-2-architecture-rx-67xtytbdp,05/12/2022 05:32:19
150,"Placa de Vídeo RX 6900 XT XFX SPEEDSTER MERC319 AMD Radeon Limited Black Gaming, 16GB GDDR6, 16 Gbps, AMD RDNA 2 - RX-69XTACSD9",R$ ---,https://www.kabum.com.br/produto/167533/placa-de-video-rx-6900-xt-xfx-speedster-merc319-amd-radeon-limited-black-gaming-16gb-gddr6-16-gbps-amd-rdna-2-rx-69xtacsd9,05/12/2022 05:32:19
151,"Placa de Vídeo RX 6600 XT Sapphire PULSE OC, 8GB GDDR6, AMD RDNA 2 Architecture - 11309-03-20G",R$ ---,https://www.kabum.com.br/produto/189849/placa-de-video-rx-6600-xt-sapphire-pulse-oc-8gb-gddr6-amd-rdna-2-architecture-11309-03-20g,05/12/2022 05:32:19
152,"Placa de Vídeo RX 6600 XT O8G Asus Dual, 8GB GDDR6, 16 Gbps - 90YV0GN1-M0NA00",R$ ---,https://www.kabum.com.br/produto/192397/placa-de-video-rx-6600-xt-o8g-asus-dual-8gb-gddr6-16-gbps-90yv0gn1-m0na00,05/12/2022 05:32:19
153,"Placa de Vídeo RX 560 Afox Radeon, 4GB DDR5, 128Bit, ATX Dual Fan, HDMI/DisplayPort, Preto - AFRX560-4096D5H4-V2",R$ ---,https://www.kabum.com.br/produto/198827/placa-de-video-rx-560-afox-radeon-4gb-ddr5-128bit-atx-dual-fan-hdmi-displayport-preto-afrx560-4096d5h4-v2,05/12/2022 05:32:19
154,"Placa de Vídeo RX 550 PCYes AMD Radeon, 4GB GDDR5, 128 Bits Dual Fan, Graffiti Series, Preto - PAXRX550DR5DF",R$ ---,https://www.kabum.com.br/produto/253970/placa-de-video-rx-550-pcyes-amd-radeon-4gb-gddr5-128-bits-dual-fan-graffiti-series-preto-paxrx550dr5df,05/12/2022 05:32:19
155,"Placa de Vídeo RX 470 PowerColor AMD Radeon Red Dragon 4GB, GDDR5 - AXRX 470 4GBD5-3DHD/OC",R$ ---,https://www.kabum.com.br/produto/80454/placa-de-video-rx-470-powercolor-amd-radeon-red-dragon-4gb-gddr5-axrx-470-4gbd5-3dhd-oc,05/12/2022 05:32:19
156,"Placa de Vídeo RX 570 MSI AMD Radeon Armor 4G OC, 4GB GDDR5",R$ ---,https://www.kabum.com.br/produto/88810/placa-de-video-rx-570-msi-amd-radeon-armor-4g-oc-4gb-gddr5,05/12/2022 05:32:19
157,"Placa de Vídeo 6570 Plus XFX AMD One Series 2GB , DDR3 - ON-XFX1-PLUS",R$ ---,https://www.kabum.com.br/produto/99644/placa-de-video-6570-plus-xfx-amd-one-series-2gb-ddr3-on-xfx1-plus,05/12/2022 05:32:19
158,"Placa de Vídeo R7 240 PCYes AMD Radeon 2GB, DDR5 - PW240R712802D5",R$ ---,https://www.kabum.com.br/produto/100257/placa-de-video-r7-240-pcyes-amd-radeon-2gb-ddr5-pw240r712802d5,05/12/2022 05:32:19
159,"Placa de Video ASrock Phantom Gaming D Radeon RX570 8G OC, 8GB GDDR5",R$ ---,https://www.kabum.com.br/produto/102832/placa-de-video-asrock-phantom-gaming-d-radeon-rx570-8g-oc-8gb-gddr5,05/12/2022 05:32:19
160,"Placa de Vídeo RX 560 PowerColor Red Dragon AMD Radeon 2GB, GDDR5 - AXRX 560 2GBD5-DHAV2",R$ ---,https://www.kabum.com.br/produto/102996/placa-de-video-rx-560-powercolor-red-dragon-amd-radeon-2gb-gddr5-axrx-560-2gbd5-dhav2,05/12/2022 05:32:19
161,"Placa de Vídeo R5 230 PCYes AMD Radeon, 2GB, DDR3 - PA230R56402D3LP",R$ ---,https://www.kabum.com.br/produto/103382/placa-de-video-r5-230-pcyes-amd-radeon-2gb-ddr3-pa230r56402d3lp,05/12/2022 05:32:19
162,"Placa de Video ASRock Phantom Gaming X AMD Radeon RX580 8G OC, 8GB GDDR5",R$ ---,https://www.kabum.com.br/produto/103851/placa-de-video-asrock-phantom-gaming-x-amd-radeon-rx580-8g-oc-8gb-gddr5,05/12/2022 05:32:19
163,"Placa de Vídeo R7 240 PCYes AMD Radeon, 4GB, GDDR5 - PJ240R71284GD5",R$ ---,https://www.kabum.com.br/produto/106908/placa-de-video-r7-240-pcyes-amd-radeon-4gb-gddr5-pj240r71284gd5,05/12/2022 05:32:19
164,"Placa de Vídeo RX 5600 XT Phantom Gaming D2 OC ASRock AMD Radeon, 6GB, DDR6 - 90-GA1WZZ-00UANF",R$ ---,https://www.kabum.com.br/produto/109985/placa-de-video-rx-5600-xt-phantom-gaming-d2-oc-asrock-amd-radeon-6gb-ddr6-90-ga1wzz-00uanf,05/12/2022 05:32:19
165,"Placa de Vídeo RX 5600 XT Challenger D OC ASRock AMD Radeon, 6GB, DDR6 - 90-GA1XZZ-00UANF",R$ ---,https://www.kabum.com.br/produto/109986/placa-de-video-rx-5600-xt-challenger-d-oc-asrock-amd-radeon-6gb-ddr6-90-ga1xzz-00uanf,05/12/2022 05:32:19
166,"Placa de Vídeo RX 5500 XT PowerColor AMD Radeon, 8GB, GDDR6 - 8GBD6-DH/OC 1A1-G00325500G",R$ ---,https://www.kabum.com.br/produto/110386/placa-de-video-rx-5500-xt-powercolor-amd-radeon-8gb-gddr6-8gbd6-dh-oc-1a1-g00325500g,05/12/2022 05:32:19
167,"Placa de Vídeo RX 560 D Afox AMD Radeon, 4GB, GDDR5 - AFRX560D-4096D5H4-V3",R$ ---,https://www.kabum.com.br/produto/111203/placa-de-video-rx-560-d-afox-amd-radeon-4gb-gddr5-afrx560d-4096d5h4-v3,05/12/2022 05:32:19
168,"Placa de Video PowerColor Radeon Red Devil RX 6900XT, 16GB, GDDR6, LED",R$ ---,https://www.kabum.com.br/produto/148249/placa-de-video-powercolor-radeon-red-devil-rx-6900xt-16gb-gddr6-led,05/12/2022 05:32:19
169,"Placa de Vídeo RX 6700 XT Sapphire NITRO+ RADEON, 12GB - 11306-01-20G",R$ ---,https://www.kabum.com.br/produto/153195/placa-de-video-rx-6700-xt-sapphire-nitro-radeon-12gb-11306-01-20g,05/12/2022 05:32:19
170,"Placa de Vídeo RX 6700 XT Challenger Pro 12G OC ASRock, 12GB GDDR6, 16 Gbps, AMD RDNA 2 Architecture - RX6700XT CLP 12GO",R$ ---,https://www.kabum.com.br/produto/155121/placa-de-video-rx-6700-xt-challenger-pro-12g-oc-asrock-12gb-gddr6-16-gbps-amd-rdna-2-architecture-rx6700xt-clp-12go,05/12/2022 05:32:19
171,"Placa de Vídeo RX 6700 XT Challenger D ASRock, 12GB GDDR6, 16 Gbps, AMD RDNA 2 Architecture - RX6700XT CLD 12GO",R$ ---,https://www.kabum.com.br/produto/155122/placa-de-video-rx-6700-xt-challenger-d-asrock-12gb-gddr6-16-gbps-amd-rdna-2-architecture-rx6700xt-cld-12go,05/12/2022 05:32:19
172,"Placa de Vídeo AFOX RX 550 Radeon 4GB, DDR5, HDMI, DVI DP, Dual Slot, PCI-Express X16 - AFRX550-4096D5H3",R$ ---,https://www.kabum.com.br/produto/160857/placa-de-video-afox-rx-550-radeon-4gb-ddr5-hdmi-dvi-dp-dual-slot-pci-express-x16-afrx550-4096d5h3,05/12/2022 05:32:19
173,"Placa de Vídeo PCYes RX550 4GB, GDDR5, 128 Bits, Single Fan - PJRX55004128G5SF",R$ ---,https://www.kabum.com.br/produto/160891/placa-de-video-pcyes-rx550-4gb-gddr5-128-bits-single-fan-pjrx55004128g5sf,05/12/2022 05:32:19
174,"Placa de Vídeo RX 6900 XT LC T16G Gaming Asus ROG Strix, 16GB GDDR6, 16 Gbps, RGB, RDNA 2 Architecture - 90YV0GF1-M0NA00",R$ ---,https://www.kabum.com.br/produto/164858/placa-de-video-rx-6900-xt-lc-t16g-gaming-asus-rog-strix-16gb-gddr6-16-gbps-rgb-rdna-2-architecture-90yv0gf1-m0na00,05/12/2022 05:32:19
175,"Placa de Vídeo RX 6800 XT XFX Speedster MERC319 AMD Radeon CORE Gaming, 16GB GDDR6, 16Gbps, AMD RDNA 2 Architecture - RX-68XTALFD9",R$ ---,https://www.kabum.com.br/produto/165711/placa-de-video-rx-6800-xt-xfx-speedster-merc319-amd-radeon-core-gaming-16gb-gddr6-16gbps-amd-rdna-2-architecture-rx-68xtalfd9,05/12/2022 05:32:19
176,"Placa de Vídeo PCyes AMD Radeon 6570 GAMING EDITION, 2GB, DDR5, 128 Bits - PJ65702DR5128",R$ ---,https://www.kabum.com.br/produto/166201/placa-de-video-pcyes-amd-radeon-6570-gaming-edition-2gb-ddr5-128-bits-pj65702dr5128,05/12/2022 05:32:19
177,Placa De Vídeo Powercolor Hellhound Radeon Rx 6700 Xt 12gb Gddr6 - 12gbd6-3dhl,R$ ---,https://www.kabum.com.br/produto/167931/placa-de-video-powercolor-hellhound-radeon-rx-6700-xt-12gb-gddr6-12gbd6-3dhl,05/12/2022 05:32:19
178,"Placa De Vídeo Afox Radeon R5 220 2GB, DDR3, 64 Bits, LP, HDMI, DVI, VGA - AFR5220-2048D3L9-V2",R$ ---,https://www.kabum.com.br/produto/171375/placa-de-video-afox-radeon-r5-220-2gb-ddr3-64-bits-lp-hdmi-dvi-vga-afr5220-2048d3l9-v2,05/12/2022 05:32:19
179,"Placa De Vídeo Afox Radeon R5 220, 1gb, Ddr3, 64bit, Low Profile, Hdmi/dvi/vga - Afr5220-1024d3l5-v2",R$ ---,https://www.kabum.com.br/produto/171416/placa-de-video-afox-radeon-r5-220-1gb-ddr3-64bit-low-profile-hdmi-dvi-vga-afr5220-1024d3l5-v2,05/12/2022 05:32:19
180,Placa De Vídeo Power Color Rx 6800 Fighter 16Gb Gddr6 - Axrx6800-16gbd63dhoc,R$ ---,https://www.kabum.com.br/produto/172588/placa-de-video-power-color-rx-6800-fighter-16gb-gddr6-axrx6800-16gbd63dhoc,05/12/2022 05:32:19
181,"Placa De Vídeo Asus Amd Radeon, Rx 580 Oc, 8gb, Gddr5 - Dual-rx580-o8g",R$ ---,https://www.kabum.com.br/produto/183733/placa-de-video-asus-amd-radeon-rx-580-oc-8gb-gddr5-dual-rx580-o8g,05/12/2022 05:32:19
182,"Placa de Vídeo RX 6600 XT XFX Speedster QICK308 AMD Radeon, 8GB GDDR6, 16Gbps, AMD RDNA 2 Architecture - RX-66XT8LBDQ",R$ ---,https://www.kabum.com.br/produto/187639/placa-de-video-rx-6600-xt-xfx-speedster-qick308-amd-radeon-8gb-gddr6-16gbps-amd-rdna-2-architecture-rx-66xt8lbdq,05/12/2022 05:32:19
183,"Placa de Vídeo RX 6600 XT NITRO+ OC Sapphire, 8GB GDDR6, AMD RDNA 2 Architecture - 11309-01-20G",R$ ---,https://www.kabum.com.br/produto/189848/placa-de-video-rx-6600-xt-nitro-oc-sapphire-8gb-gddr6-amd-rdna-2-architecture-11309-01-20g,05/12/2022 05:32:19
184,"Placa de Vídeo Afox Radeon RX 560, 4GB DDR5, 128Bit, ATX Dual Fan, HDMI/DisplayPort, Preto - AFRX560-4096D5H4",R$ ---,https://www.kabum.com.br/produto/198799/placa-de-video-afox-radeon-rx-560-4gb-ddr5-128bit-atx-dual-fan-hdmi-displayport-preto-afrx560-4096d5h4,05/12/2022 05:32:19
185,Placa De Video Asus Radeon Rx 6900xt 16gb Ddr6 - Rog-strix-lc-rx6900xt-t16g-gaming,R$ ---,https://www.kabum.com.br/produto/199523/placa-de-video-asus-radeon-rx-6900xt-16gb-ddr6-rog-strix-lc-rx6900xt-t16g-gaming,05/12/2022 05:32:19
186,Placa De Vídeo Afox Pci-e Ati Rx560 4gb/128b Ddr5 Dvi Hami Dp 3453,R$ ---,https://www.kabum.com.br/produto/214295/placa-de-video-afox-pci-e-ati-rx560-4gb-128b-ddr5-dvi-hami-dp-3453,05/12/2022 05:32:19
187,"Placa De Vídeo AMD Radeon RX 550 2GB, GDDR5, 128 Bits, Biostar - VA5515RF21-TGHRA-BS2",R$ ---,https://www.kabum.com.br/produto/214129/placa-de-video-amd-radeon-rx-550-2gb-gddr5-128-bits-biostar-va5515rf21-tghra-bs2,05/12/2022 05:32:19
188,"Placa De Video Powercolor Radeon, Red Devil, RX6800XT, 16GB, GDDR6, Axrx - 16gbd6-3dhe/oc",R$ ---,https://www.kabum.com.br/produto/241479/placa-de-video-powercolor-radeon-red-devil-rx6800xt-16gb-gddr6-axrx-16gbd6-3dhe-oc,05/12/2022 05:32:19
189,"Placa de Vídeo RX 6700 XT Sapphire Pulse AMD Radeon, 12GB GDDR6, OC, Ray Tracing, Preto - 11306-05-20G",R$ ---,https://www.kabum.com.br/produto/217161/placa-de-video-rx-6700-xt-sapphire-pulse-amd-radeon-12gb-gddr6-oc-ray-tracing-preto-11306-05-20g,05/12/2022 05:32:19
190,"Placa De Video Rx 550, Pcyes, 4 Gb, Gddr5, Graffiti Series, Pjr550x4gb",R$ ---,https://www.kabum.com.br/produto/219776/placa-de-video-rx-550-pcyes-4-gb-gddr5-graffiti-series-pjr550x4gb,05/12/2022 05:32:19
191,"Gpu Amd Radeon R7 250, 2gb, Gddr5, 128 Bits, Single-fan Pcyes",R$ ---,https://www.kabum.com.br/produto/235253/gpu-amd-radeon-r7-250-2gb-gddr5-128-bits-single-fan-pcyes,05/12/2022 05:32:19
192,Placa De Video Powercolor Amd Radeon Rx 570 4gb Gddr5 - 4gbd5-dhdv3/oc,R$ ---,https://www.kabum.com.br/produto/242655/placa-de-video-powercolor-amd-radeon-rx-570-4gb-gddr5-4gbd5-dhdv3-oc,05/12/2022 05:32:19
193,Placa De Vídeo Amd Pcyes Radeon Rx 560 4gb Ddr5,R$ ---,https://www.kabum.com.br/produto/254235/placa-de-video-amd-pcyes-radeon-rx-560-4gb-ddr5,05/12/2022 05:32:19
194,Placa De Vídeo Vga Radeon R5 230 Afox 2gb Ddr3 64bits Afr5230-2048d3l4,R$ ---,https://www.kabum.com.br/produto/267475/placa-de-video-vga-radeon-r5-230-afox-2gb-ddr3-64bits-afr5230-2048d3l4,05/12/2022 05:32:19
195,"Placa De Video, Power Color Radeon Rx 580, 8Gb Red Dragon, Ddr5 256bits - Axrx 580 8gbd5-3dhdv2/oc",R$ ---,https://www.kabum.com.br/produto/267917/placa-de-video-power-color-radeon-rx-580-8gb-red-dragon-ddr5-256bits-axrx-580-8gbd5-3dhdv2-oc,05/12/2022 05:32:19
196,Kit Amd Radeon Rx 560d 4gb Gddr5 + Fonte 350w Aerocool Vx350,R$ ---,https://www.kabum.com.br/produto/272542/kit-amd-radeon-rx-560d-4gb-gddr5-fonte-350w-aerocool-vx350,05/12/2022 05:32:19
197,Rx6800xt 16gb Gddr6 Speedster Merc319 Xfx Rx68xtacbd9 Xfx,R$ ---,https://www.kabum.com.br/produto/276009/rx6800xt-16gb-gddr6-speedster-merc319-xfx-rx68xtacbd9-xfx,05/12/2022 05:32:19
198,Placa De Vídeo Afox Gt730 4gb Ddr3 128 Bits Hdmi Dvi Vga,R$ ---,https://www.kabum.com.br/produto/278675/placa-de-video-afox-gt730-4gb-ddr3-128-bits-hdmi-dvi-vga,05/12/2022 05:32:19
199,"Placa De Vídeo AMD Pcyes, Radeon R7200 Series, R7240, 2GB, DDR5",R$ ---,https://www.kabum.com.br/produto/288865/placa-de-video-amd-pcyes-radeon-r7200-series-r7240-2gb-ddr5,05/12/2022 05:32:19
200,"Placa De Video, Goline 2GB, Geforce Gt730 Ddr3 - Gl-gt730",R$ ---,https://www.kabum.com.br/produto/292717/placa-de-video-goline-2gb-geforce-gt730-ddr3-gl-gt730,05/12/2022 05:32:19
201,"Placa de Vídeo, AMD RX6600XT, 8GB, GDDR6, Speedster SWFT210 XFX - RX66XT8DFDQ",R$ ---,https://www.kabum.com.br/produto/305955/placa-de-video-amd-rx6600xt-8gb-gddr6-speedster-swft210-xfx-rx66xt8dfdq,05/12/2022 05:32:19
202,"Placa de Vídeo RX 6500 XT XFX Speedster QICK210 AMD Radeon, 4GB GDDR6, Ray Tracing, RDNA 2 - RX-65XT4DBDQ",R$ ---,https://www.kabum.com.br/produto/302654/placa-de-video-rx-6500-xt-xfx-speedster-qick210-amd-radeon-4gb-gddr6-ray-tracing-rdna-2-rx-65xt4dbdq,05/12/2022 05:32:19
203,"Placa De Video HD 6570, 4GB GDDR5, 128 Bits, Single Fan - PJ6570HDR5SF4GB",R$ ---,https://www.kabum.com.br/produto/303566/placa-de-video-hd-6570-4gb-gddr5-128-bits-single-fan-pj6570hdr5sf4gb,05/12/2022 05:32:19
204,Amd Radeon Rx 550 4gb Gddr5 128bits - Pcyes Dual Fan Paxrx550dr5df,R$ ---,https://www.kabum.com.br/produto/304470/amd-radeon-rx-550-4gb-gddr5-128bits-pcyes-dual-fan-paxrx550dr5df,05/12/2022 05:32:19
205,"Placa de Vídeo W5500 Pro AMD Radeon, 8GB GDDR6, RDNA Architecture - 100-506095",R$ ---,https://www.kabum.com.br/produto/305259/placa-de-video-w5500-pro-amd-radeon-8gb-gddr6-rdna-architecture-100-506095,05/12/2022 05:32:19
206,Placa De Vídeo Pcyes Amd Radeon Rx580 8gb Gdrr5 256bits,R$ ---,https://www.kabum.com.br/produto/310204/placa-de-video-pcyes-amd-radeon-rx580-8gb-gdrr5-256bits,05/12/2022 05:32:19
207,Placa De Vídeo Amd Xfx Radeon 6900 Series Rx 6900 Xt Rx-69xtacbd9 16gb,R$ ---,https://www.kabum.com.br/produto/352671/placa-de-video-amd-xfx-radeon-6900-series-rx-6900-xt-rx-69xtacbd9-16gb,05/12/2022 05:32:19
208,"Placa De Vídeo Power Color Fighter Amd Radeon Rx 6600 Xt, 8gb Gddr6, Ray Tracing, Preta - Axrx 6600xt 8gbd6-3dh",R$ ---,https://www.kabum.com.br/produto/323666/placa-de-video-power-color-fighter-amd-radeon-rx-6600-xt-8gb-gddr6-ray-tracing-preta-axrx-6600xt-8gbd6-3dh,05/12/2022 05:32:19
